index,split
0,train
1,train
2,val
3,test
4,train
5,train
6,train
7,train
8,val
9,train
10,test
11,train
12,train
13,train
14,train
15,train
16,train
17,train
18,val
19,train
20,test
21,train
22,train
23,test
24,train
25,test
26,train
27,val
28,train
29,train
30,train
31,test
32,train
33,test
34,val
35,train
36,test
37,train
38,train
39,train
40,train
41,train
42,train
43,train
44,train
45,train
46,train
47,train
48,train
49,train
50,train
51,val
52,train
53,train
54,train
55,train
56,test
57,train
58,train
59,train
60,train
61,val
62,train
63,train
64,train
65,train
66,train
67,val
68,test
69,train
70,test
71,train
72,train
73,train
74,train
75,val
76,train
77,train
78,train
79,val
80,test
81,train
82,train
83,train
84,train
85,train
86,train
87,train
88,train
89,train
90,train
91,train
92,val
93,train
94,train
95,train
96,train
97,train
98,train
99,train
100,train
101,train
102,train
103,train
104,train
105,train
106,val
107,train
108,train
109,train
110,train
111,train
112,train
113,val
114,val
115,train
116,train
117,train
118,train
119,train
120,train
121,train
122,train
123,train
124,test
125,train
126,train
127,train
128,train
129,train
130,train
131,train
132,test
133,train
134,train
135,train
136,train
137,train
138,val
139,train
140,val
141,train
142,train
143,train
144,test
145,test
146,train
147,train
148,train
149,train
150,train
151,train
152,train
153,test
154,train
155,train
156,test
157,test
158,train
159,train
160,train
161,test
162,train
163,train
164,train
165,train
166,test
167,train
168,train
169,train
170,train
171,train
172,test
173,test
174,train
175,train
176,train
177,test
178,train
179,train
180,train
181,train
182,train
183,train
184,train
185,train
186,train
187,train
188,train
189,train
190,train
191,train
192,train
193,train
194,train
195,train
196,test
197,train
198,val
199,train
200,train
201,train
202,train
203,val
204,train
205,test
206,train
207,train
208,train
209,train
210,train
211,train
212,val
213,train
214,train
215,train
216,test
217,val
218,train
219,train
220,train
221,train
222,train
223,train
224,train
225,train
226,train
227,train
228,val
229,train
230,train
231,train
232,train
233,train
234,train
235,train
236,train
237,train
238,train
239,train
240,train
241,train
242,train
243,train
244,train
245,train
246,train
247,train
248,train
249,test
250,test
251,train
252,train
253,train
254,train
255,test
256,train
257,train
258,train
259,train
260,test
261,train
262,train
263,train
264,val
265,train
266,train
267,train
268,test
269,train
270,train
271,test
272,train
273,train
274,train
275,test
276,train
277,train
278,train
279,train
280,val
281,train
282,train
283,train
284,train
285,train
286,train
287,train
288,train
289,train
290,val
291,train
292,train
293,train
294,train
295,val
296,train
297,test
298,train
299,train
300,val
301,train
302,train
303,train
304,test
305,val
306,train
307,val
308,train
309,train
310,train
311,train
312,train
313,train
314,test
315,train
316,train
317,train
318,train
319,train
320,train
321,test
322,train
323,test
324,train
325,train
326,train
327,train
328,train
329,train
330,train
331,train
332,train
333,train
334,train
335,train
336,val
337,train
338,train
339,train
340,train
341,train
342,train
343,train
344,train
345,train
346,test
347,train
348,test
349,val
350,train
351,train
352,val
353,test
354,train
355,train
356,train
357,train
358,train
359,train
360,train
361,train
362,val
363,train
364,val
365,train
366,train
367,train
368,train
369,val
370,train
371,train
372,train
373,train
374,val
375,train
376,val
377,train
378,train
379,train
380,train
381,train
382,train
383,test
384,train
385,train
386,test
387,train
388,train
389,train
390,train
391,train
392,train
393,train
394,train
395,train
396,train
397,train
398,train
399,train
400,test
401,train
402,train
403,train
404,train
405,val
406,train
407,train
408,train
409,test
410,train
411,train
412,train
413,train
414,test
415,val
416,test
417,test
418,train
419,train
420,train
421,train
422,train
423,train
424,test
425,val
426,train
427,train
428,train
429,train
430,train
431,test
432,train
433,train
434,train
435,train
436,train
437,train
438,train
439,test
440,train
441,train
442,train
443,train
444,train
445,train
446,train
447,train
448,train
449,train
450,train
451,train
452,train
453,train
454,val
455,val
456,val
457,train
458,val
459,val
460,train
461,train
462,train
463,train
464,train
465,train
466,train
467,train
468,train
469,train
470,train
471,train
472,train
473,train
474,train
475,train
476,val
477,val
478,train
479,test
480,test
481,train
482,train
483,train
484,train
485,train
486,train
487,train
488,test
489,train
490,train
491,train
492,val
493,val
494,train
495,train
496,train
497,train
498,train
499,train
500,train
501,train
502,val
503,train
504,train
505,train
506,val
507,train
508,train
509,train
510,train
511,val
512,train
513,test
514,train
515,train
516,val
517,val
518,train
519,train
520,train
521,train
522,train
523,train
524,train
525,train
526,train
527,train
528,test
529,train
530,test
531,train
532,train
533,train
534,train
535,train
536,val
537,train
538,train
539,train
540,train
541,train
542,train
543,test
544,test
545,train
546,test
547,train
548,train
549,train
550,train
551,train
552,train
553,train
554,train
555,train
556,train
557,train
558,train
559,train
560,train
561,val
562,train
563,train
564,train
565,train
566,train
567,test
568,train
569,train
570,train
571,train
572,train
573,train
574,train
575,train
576,val
577,train
578,train
579,val
580,test
581,train
582,train
583,train
584,test
585,train
586,train
587,train
588,train
589,test
590,train
591,train
592,train
593,train
594,train
595,train
596,train
597,train
598,test
599,train
600,train
601,train
602,train
603,train
604,train
605,train
606,val
607,train
608,train
609,val
610,train
611,train
612,val
613,train
614,train
615,train
616,val
617,train
618,train
619,train
620,train
621,train
622,train
623,train
624,train
625,train
626,train
627,train
628,train
629,val
630,train
631,test
632,train
633,test
634,test
635,train
636,test
637,train
638,val
639,train
640,test
641,test
642,train
643,train
644,train
645,train
646,train
647,train
648,val
649,train
650,test
651,train
652,train
653,train
654,test
655,train
656,train
657,train
658,train
659,test
660,train
661,train
662,train
663,train
664,train
665,train
666,train
667,test
668,train
669,train
670,train
671,train
672,train
673,train
674,train
675,test
676,train
677,test
678,test
679,train
680,train
681,train
682,train
683,train
684,train
685,test
686,train
687,train
688,train
689,train
690,val
691,train
692,train
693,train
694,train
695,test
696,train
697,train
698,train
699,train
700,train
701,train
702,train
703,train
704,train
705,train
706,val
707,val
708,train
709,val
710,train
711,train
712,train
713,train
714,train
715,val
716,val
717,train
718,train
719,train
720,train
721,train
722,train
723,test
724,train
725,train
726,train
727,train
728,train
729,test
730,train
731,train
732,train
733,train
734,train
735,train
736,train
737,test
738,train
739,train
740,train
741,train
742,test
743,train
744,train
745,train
746,train
747,train
748,train
749,train
750,val
751,train
752,test
753,val
754,train
755,train
756,train
757,test
758,train
759,train
760,train
761,train
762,train
763,train
764,train
765,train
766,test
767,train
768,train
769,train
770,train
771,train
772,test
773,train
774,train
775,train
776,train
777,test
778,train
779,train
780,train
781,train
782,test
783,train
784,train
785,train
786,train
787,train
788,train
789,train
790,train
791,train
792,train
793,val
794,train
795,train
796,train
797,val
798,val
799,test
800,train
801,train
802,train
803,train
804,train
805,train
806,train
807,test
808,train
809,train
810,test
811,train
812,train
813,train
814,train
815,test
816,train
817,train
818,train
819,test
820,train
821,train
822,train
823,train
824,train
825,train
826,train
827,test
828,train
829,train
830,train
831,test
832,test
833,train
834,train
835,train
836,test
837,train
838,train
839,test
840,train
841,train
842,val
843,train
844,val
845,test
846,train
847,train
848,val
849,train
850,train
851,train
852,train
853,train
854,train
855,train
856,train
857,train
858,train
859,train
860,val
861,train
862,train
863,train
864,train
865,train
866,train
867,train
868,train
869,train
870,train
871,val
872,train
873,test
874,train
875,train
876,val
877,train
878,test
879,val
880,train
881,train
882,train
883,train
884,train
885,train
886,train
887,train
888,train
889,test
890,train
891,train
892,train
893,train
894,train
895,val
896,val
897,train
898,train
899,train
900,train
901,train
902,train
903,train
904,val
905,train
906,train
907,train
908,test
909,train
910,val
911,train
912,train
913,train
914,train
915,train
916,train
917,train
918,train
919,train
920,train
921,train
922,train
923,test
924,train
925,train
926,val
927,train
928,train
929,train
930,train
931,train
932,train
933,train
934,train
935,train
936,train
937,train
938,train
939,test
940,train
941,train
942,test
943,train
944,train
945,train
946,val
947,train
948,train
949,val
950,train
951,train
952,train
953,train
954,train
955,train
956,train
957,train
958,train
959,train
960,test
961,train
962,train
963,train
964,train
965,train
966,train
967,val
968,train
969,train
970,train
971,val
972,train
973,train
974,val
975,train
976,train
977,train
978,train
979,val
980,train
981,train
982,train
983,train
984,test
985,val
986,train
987,val
988,train
989,train
990,train
991,train
992,train
993,train
994,train
995,train
996,train
997,train
998,test
999,val
1000,train
1001,train
1002,train
1003,train
1004,train
1005,train
1006,val
1007,train
1008,train
1009,train
1010,train
1011,train
1012,train
1013,train
1014,test
1015,train
1016,train
1017,train
1018,train
1019,train
1020,train
1021,test
1022,train
1023,train
1024,val
1025,train
1026,test
1027,train
1028,train
1029,train
1030,train
1031,train
1032,train
1033,train
1034,train
1035,train
1036,train
1037,train
1038,train
1039,train
1040,train
1041,train
1042,train
1043,train
1044,train
1045,train
1046,train
1047,train
1048,train
1049,train
1050,test
1051,test
1052,val
1053,train
1054,train
1055,train
1056,train
1057,test
1058,train
1059,train
1060,test
1061,train
1062,train
1063,train
1064,val
1065,train
1066,train
1067,train
1068,train
1069,train
1070,train
1071,train
1072,train
1073,train
1074,test
1075,test
1076,train
1077,train
1078,train
1079,val
1080,train
1081,val
1082,train
1083,test
1084,train
1085,train
1086,train
1087,train
1088,train
1089,train
1090,train
1091,train
1092,train
1093,train
1094,train
1095,train
1096,train
1097,train
1098,train
1099,train
1100,train
1101,train
1102,train
1103,train
1104,test
1105,train
1106,val
1107,train
1108,train
1109,train
1110,val
1111,train
1112,train
1113,train
1114,train
1115,val
1116,test
1117,train
1118,train
1119,test
1120,train
1121,test
1122,train
1123,val
1124,train
1125,test
1126,train
1127,train
1128,train
1129,train
1130,train
1131,train
1132,train
1133,train
1134,train
1135,train
1136,train
1137,train
1138,train
1139,train
1140,train
1141,train
1142,train
1143,train
1144,train
1145,val
1146,test
1147,train
1148,train
1149,train
1150,train
1151,val
1152,train
1153,train
1154,train
1155,train
1156,train
1157,train
1158,val
1159,train
1160,train
1161,train
1162,train
1163,train
1164,test
1165,train
1166,val
1167,train
1168,train
1169,val
1170,train
1171,test
1172,train
1173,train
1174,test
1175,test
1176,val
1177,test
1178,train
1179,train
1180,train
1181,val
1182,train
1183,train
1184,train
1185,test
1186,train
1187,train
1188,train
1189,test
1190,train
1191,train
1192,train
1193,train
1194,train
1195,val
1196,val
1197,train
1198,train
1199,train
1200,val
1201,train
1202,train
1203,val
1204,test
1205,train
1206,train
1207,train
1208,train
1209,test
1210,train
1211,train
1212,val
1213,train
1214,train
1215,train
1216,train
1217,train
1218,train
1219,val
1220,train
1221,train
1222,train
1223,train
1224,train
1225,train
1226,train
1227,train
1228,train
1229,val
1230,test
1231,train
1232,train
1233,train
1234,train
1235,train
1236,test
1237,train
1238,train
1239,train
1240,test
1241,train
1242,train
1243,train
1244,train
1245,val
1246,train
1247,train
1248,train
1249,train
1250,train
1251,train
1252,val
1253,train
1254,val
1255,train
1256,test
1257,train
1258,train
1259,test
1260,train
1261,train
1262,train
1263,train
1264,train
1265,test
1266,train
1267,train
1268,val
1269,train
1270,train
1271,val
1272,train
1273,train
1274,train
1275,train
1276,train
1277,train
1278,val
1279,train
1280,train
1281,val
1282,val
1283,train
1284,val
1285,train
1286,train
1287,train
1288,train
1289,train
1290,train
1291,train
1292,val
1293,train
1294,train
1295,train
1296,train
1297,train
1298,train
1299,train
1300,test
1301,train
1302,test
1303,train
1304,val
1305,train
1306,train
1307,train
1308,train
1309,train
1310,val
1311,train
1312,train
1313,train
1314,train
1315,train
1316,train
1317,train
1318,train
1319,train
1320,train
1321,test
1322,train
1323,train
1324,train
1325,train
1326,train
1327,train
1328,train
1329,train
1330,train
1331,train
1332,train
1333,test
1334,train
1335,train
1336,train
1337,test
1338,test
1339,train
1340,train
1341,train
1342,train
1343,val
1344,train
1345,test
1346,train
1347,train
1348,train
1349,train
1350,train
1351,train
1352,train
1353,train
1354,train
1355,val
1356,val
1357,train
1358,train
1359,train
1360,test
1361,train
1362,train
1363,train
1364,train
1365,test
1366,train
1367,train
1368,train
1369,train
1370,train
1371,train
1372,train
1373,train
1374,train
1375,val
1376,train
1377,train
1378,test
1379,train
1380,train
1381,train
1382,train
1383,train
1384,train
1385,train
1386,train
1387,train
1388,train
1389,train
1390,val
1391,train
1392,train
1393,train
1394,train
1395,train
1396,train
1397,train
1398,test
1399,train
1400,train
1401,train
1402,train
1403,train
1404,train
1405,train
1406,train
1407,train
1408,train
1409,train
1410,train
1411,train
1412,train
1413,test
1414,train
1415,train
1416,train
1417,train
1418,train
1419,train
1420,train
1421,train
1422,train
1423,test
1424,train
1425,train
1426,train
1427,val
1428,train
1429,train
1430,train
1431,train
1432,train
1433,test
1434,train
1435,train
1436,train
1437,train
1438,train
1439,train
1440,train
1441,train
1442,train
1443,test
1444,train
1445,test
1446,train
1447,train
1448,test
1449,train
1450,train
1451,train
1452,train
1453,test
1454,train
1455,train
1456,train
1457,train
1458,train
1459,train
1460,train
1461,train
1462,train
1463,train
1464,train
1465,train
1466,val
1467,train
1468,train
1469,train
1470,train
1471,train
1472,test
1473,val
1474,train
1475,test
1476,train
1477,val
1478,train
1479,train
1480,train
1481,train
1482,train
1483,train
1484,train
1485,train
1486,train
1487,train
1488,train
1489,train
1490,train
1491,train
1492,train
1493,train
1494,train
1495,train
1496,train
1497,train
1498,train
1499,train
1500,train
1501,test
1502,train
1503,train
1504,train
1505,train
1506,train
1507,train
1508,val
1509,train
1510,train
1511,train
1512,test
1513,train
1514,train
1515,train
1516,train
1517,test
1518,train
1519,test
1520,train
1521,test
1522,train
1523,train
1524,val
1525,train
1526,train
1527,train
1528,train
1529,train
1530,train
1531,val
1532,train
1533,train
1534,train
1535,train
1536,train
1537,train
1538,test
1539,train
1540,train
1541,train
1542,train
1543,test
1544,train
1545,train
1546,train
1547,train
1548,train
1549,train
1550,train
1551,test
1552,train
1553,train
1554,train
1555,train
1556,val
1557,train
1558,train
1559,train
1560,train
1561,train
1562,train
1563,val
1564,val
1565,val
1566,train
1567,train
1568,train
1569,train
1570,train
1571,train
1572,train
1573,train
1574,train
1575,train
1576,train
1577,val
1578,train
1579,train
1580,val
1581,train
1582,train
1583,train
1584,train
1585,train
1586,train
1587,train
1588,train
1589,train
1590,train
1591,train
1592,train
1593,train
1594,train
1595,train
1596,train
1597,train
1598,train
1599,train
1600,train
1601,train
1602,train
1603,train
1604,val
1605,train
1606,val
1607,train
1608,train
1609,train
1610,train
1611,train
1612,train
1613,train
1614,val
1615,train
1616,train
1617,test
1618,test
1619,train
1620,train
1621,train
1622,train
1623,train
1624,test
1625,train
1626,train
1627,train
1628,train
1629,train
1630,test
1631,val
1632,train
1633,train
1634,val
1635,train
1636,train
1637,train
1638,train
1639,train
1640,train
1641,train
1642,train
1643,train
1644,train
1645,train
1646,train
1647,train
1648,test
1649,val
1650,val
1651,train
1652,train
1653,train
1654,train
1655,train
1656,train
1657,train
1658,train
1659,train
1660,train
1661,train
1662,train
1663,train
1664,train
1665,train
1666,train
1667,train
1668,train
1669,train
1670,train
1671,train
1672,train
1673,val
1674,train
1675,train
1676,train
1677,train
1678,test
1679,train
1680,train
1681,train
1682,train
1683,train
1684,train
1685,val
1686,train
1687,val
1688,train
1689,train
1690,test
1691,train
1692,test
1693,train
1694,train
1695,train
1696,train
1697,test
1698,train
1699,train
1700,train
1701,train
1702,val
1703,val
1704,train
1705,train
1706,val
1707,train
1708,train
1709,train
1710,train
1711,train
1712,train
1713,train
1714,val
1715,test
1716,train
1717,train
1718,train
1719,train
1720,train
1721,train
1722,train
1723,train
1724,train
1725,train
1726,train
1727,train
1728,train
1729,train
1730,train
1731,val
1732,train
1733,train
1734,train
1735,val
1736,train
1737,train
1738,train
1739,train
1740,train
1741,train
1742,train
1743,train
1744,train
1745,train
1746,train
1747,train
1748,train
1749,train
1750,val
1751,train
1752,train
1753,train
1754,train
1755,val
1756,train
1757,train
1758,val
1759,train
1760,test
1761,train
1762,train
1763,train
1764,train
1765,train
1766,train
1767,train
1768,train
1769,train
1770,train
1771,train
1772,train
1773,train
1774,test
1775,train
1776,val
1777,train
1778,train
1779,train
1780,train
1781,val
1782,train
1783,test
1784,train
1785,val
1786,train
1787,train
1788,train
1789,train
1790,val
1791,train
1792,train
1793,val
1794,train
1795,train
1796,test
1797,train
1798,train
1799,train
1800,train
1801,train
1802,train
1803,train
1804,train
1805,train
1806,train
1807,train
1808,train
1809,train
1810,train
1811,train
1812,train
1813,train
1814,train
1815,train
1816,train
1817,train
1818,train
1819,train
1820,train
1821,val
1822,train
1823,train
1824,train
1825,test
1826,train
1827,train
1828,train
1829,train
1830,train
1831,train
1832,train
1833,train
1834,train
1835,train
1836,train
1837,train
1838,train
1839,train
1840,train
1841,train
1842,train
1843,train
1844,train
1845,train
1846,train
1847,train
1848,val
1849,test
1850,train
1851,train
1852,train
1853,train
1854,train
1855,test
1856,train
1857,train
1858,train
1859,train
1860,test
1861,train
1862,train
1863,train
1864,train
1865,train
1866,train
1867,test
1868,test
1869,train
1870,train
1871,train
1872,train
1873,train
1874,train
1875,test
1876,train
1877,test
1878,train
1879,val
1880,train
1881,train
1882,train
1883,train
1884,train
1885,train
1886,train
1887,val
1888,train
1889,train
1890,train
1891,train
1892,train
1893,train
1894,train
1895,train
1896,train
1897,train
1898,val
1899,test
1900,val
1901,train
1902,train
1903,train
1904,train
1905,val
1906,train
1907,train
1908,train
1909,train
1910,train
1911,test
1912,train
1913,train
1914,train
1915,train
1916,train
1917,train
1918,val
1919,train
1920,train
1921,train
1922,test
1923,train
1924,train
1925,train
1926,test
1927,val
1928,train
1929,train
1930,train
1931,train
1932,train
1933,train
1934,test
1935,train
1936,train
1937,train
1938,train
1939,train
1940,train
1941,train
1942,test
1943,train
1944,val
1945,train
1946,train
1947,train
1948,train
1949,train
1950,train
1951,train
1952,train
1953,val
1954,train
1955,train
1956,train
1957,val
1958,train
1959,train
1960,train
1961,train
1962,train
1963,train
1964,train
1965,val
1966,train
1967,train
1968,train
1969,train
1970,train
1971,train
1972,train
1973,train
1974,train
1975,val
1976,train
1977,train
1978,train
1979,train
1980,train
1981,test
1982,val
1983,train
1984,train
1985,train
1986,train
1987,test
1988,test
1989,train
1990,train
1991,train
1992,val
1993,val
1994,train
1995,test
1996,val
1997,train
1998,val
1999,train
2000,train
2001,train
2002,train
2003,train
2004,train
2005,test
2006,train
2007,train
2008,train
2009,val
2010,train
2011,train
2012,train
2013,train
2014,train
2015,train
2016,train
2017,train
2018,train
2019,train
2020,train
2021,train
2022,train
2023,train
2024,train
2025,train
2026,train
2027,train
2028,train
2029,val
2030,train
2031,train
2032,train
2033,train
2034,train
2035,train
2036,train
2037,val
2038,val
2039,train
2040,test
2041,val
2042,test
2043,train
2044,train
2045,test
2046,train
2047,val
2048,train
2049,train
2050,train
2051,train
2052,test
2053,train
2054,train
2055,train
2056,train
2057,train
2058,train
2059,test
2060,train
2061,train
2062,train
2063,train
2064,val
2065,train
2066,train
2067,train
2068,train
2069,train
2070,train
2071,train
2072,train
2073,train
2074,train
2075,train
2076,train
2077,train
2078,train
2079,train
2080,train
2081,train
2082,train
2083,train
2084,train
2085,test
2086,val
2087,train
2088,val
2089,train
2090,test
2091,train
2092,train
2093,train
2094,train
2095,train
2096,train
2097,train
2098,train
2099,test
2100,train
2101,train
2102,val
2103,train
2104,val
2105,train
2106,train
2107,train
2108,train
2109,train
2110,train
2111,train
2112,train
2113,test
2114,train
2115,test
2116,val
2117,train
2118,train
2119,val
2120,train
2121,train
2122,train
2123,train
2124,train
2125,train
2126,train
2127,train
2128,train
2129,train
2130,train
2131,train
2132,train
2133,train
2134,train
2135,train
2136,val
2137,train
2138,train
2139,train
2140,train
2141,train
2142,train
2143,train
2144,train
2145,train
2146,train
2147,train
2148,train
2149,train
2150,test
2151,train
2152,train
2153,train
2154,train
2155,train
2156,test
2157,train
2158,train
2159,train
2160,train
2161,test
2162,train
2163,train
2164,train
2165,train
2166,train
2167,val
2168,train
2169,test
2170,train
2171,test
2172,train
2173,train
2174,test
2175,test
2176,train
2177,train
2178,test
2179,train
2180,test
2181,train
2182,train
2183,train
2184,train
2185,train
2186,train
2187,train
2188,train
2189,val
2190,train
2191,train
2192,train
2193,train
2194,train
2195,train
2196,train
2197,train
2198,train
2199,train
2200,train
2201,train
2202,test
2203,train
2204,train
2205,train
2206,train
2207,test
2208,train
2209,train
2210,test
2211,train
2212,val
2213,train
2214,train
2215,train
2216,train
2217,train
2218,train
2219,train
2220,train
2221,train
2222,train
2223,train
2224,test
2225,train
2226,test
2227,train
2228,train
2229,test
2230,train
2231,train
2232,train
2233,train
2234,train
2235,val
2236,train
2237,train
2238,train
2239,train
2240,train
2241,val
2242,val
2243,train
2244,train
2245,train
2246,train
2247,val
2248,train
2249,train
2250,train
2251,train
2252,train
2253,train
2254,train
2255,test
2256,train
2257,train
2258,train
2259,train
2260,train
2261,train
2262,train
2263,train
2264,train
2265,train
2266,val
2267,train
2268,train
2269,train
2270,test
2271,train
2272,train
2273,train
2274,val
2275,test
2276,train
2277,train
2278,train
2279,train
2280,train
2281,train
2282,train
2283,train
2284,train
2285,train
2286,train
2287,train
2288,train
2289,train
2290,train
2291,train
2292,train
2293,test
2294,train
2295,train
2296,train
2297,train
2298,test
2299,train
2300,train
2301,test
2302,val
2303,test
2304,train
2305,train
2306,train
2307,train
2308,train
2309,train
2310,train
2311,train
2312,train
2313,train
2314,train
2315,train
2316,train
2317,train
2318,train
2319,train
2320,val
2321,train
2322,test
2323,train
2324,train
2325,test
2326,train
2327,train
2328,train
2329,val
2330,train
2331,train
2332,train
2333,train
2334,train
2335,train
2336,test
2337,test
2338,train
2339,train
2340,train
2341,train
2342,train
2343,train
2344,train
2345,train
2346,train
2347,train
2348,train
2349,train
2350,train
2351,train
2352,train
2353,train
2354,train
2355,train
2356,train
2357,train
2358,train
2359,train
2360,val
2361,train
2362,train
2363,train
2364,train
2365,train
2366,train
2367,train
2368,train
2369,train
2370,train
2371,train
2372,val
2373,train
2374,test
2375,test
2376,train
2377,train
2378,train
2379,train
2380,train
2381,train
2382,train
2383,train
2384,train
2385,train
2386,train
2387,train
2388,train
2389,train
2390,test
2391,train
2392,train
2393,train
2394,test
2395,train
2396,train
2397,test
2398,train
2399,train
2400,train
2401,train
2402,train
2403,train
2404,train
2405,test
2406,train
2407,train
2408,train
2409,train
2410,train
2411,train
2412,train
2413,train
2414,train
2415,train
2416,train
2417,train
2418,train
2419,train
2420,train
2421,train
2422,train
2423,train
2424,train
2425,test
2426,train
2427,train
2428,train
2429,val
2430,train
2431,train
2432,train
2433,train
2434,train
2435,train
2436,test
2437,train
2438,train
2439,train
2440,train
2441,train
2442,test
2443,train
2444,train
2445,train
2446,train
2447,test
2448,train
2449,train
2450,train
2451,train
2452,test
2453,train
2454,train
2455,train
2456,test
2457,test
2458,train
2459,train
2460,train
2461,train
2462,train
2463,train
2464,train
2465,train
2466,train
2467,train
2468,val
2469,train
2470,train
2471,train
2472,train
2473,train
2474,train
2475,train
2476,train
2477,train
2478,train
2479,train
2480,val
2481,train
2482,train
2483,train
2484,train
2485,val
2486,train
2487,train
2488,train
2489,train
2490,train
2491,train
2492,train
2493,train
2494,train
2495,train
2496,train
2497,train
2498,train
2499,train
2500,train
2501,train
2502,test
2503,test
2504,val
2505,train
2506,test
2507,train
2508,train
2509,train
2510,train
2511,train
2512,test
2513,test
2514,train
2515,train
2516,train
2517,test
2518,val
2519,train
2520,test
2521,train
2522,train
2523,train
2524,train
2525,train
2526,train
2527,train
2528,train
2529,train
2530,train
2531,val
2532,train
2533,train
2534,train
2535,train
2536,train
2537,test
2538,train
2539,train
2540,train
2541,val
2542,train
2543,train
2544,train
2545,val
2546,train
2547,train
2548,train
2549,train
2550,test
2551,train
2552,train
2553,train
2554,val
2555,train
2556,train
2557,train
2558,train
2559,train
2560,test
2561,train
2562,train
2563,train
2564,train
2565,train
2566,train
2567,train
2568,train
2569,train
2570,train
2571,train
2572,train
2573,train
2574,train
2575,train
2576,test
2577,train
2578,test
2579,train
2580,train
2581,train
2582,train
2583,val
2584,test
2585,train
2586,train
2587,train
2588,train
2589,train
2590,train
2591,train
2592,train
2593,train
2594,train
2595,train
2596,train
2597,train
2598,train
2599,train
2600,train
2601,train
2602,val
2603,train
2604,train
2605,val
2606,train
2607,train
2608,train
2609,train
2610,train
2611,test
2612,train
2613,train
2614,val
2615,test
2616,train
2617,train
2618,train
2619,val
2620,train
2621,train
2622,train
2623,train
2624,train
2625,val
2626,train
2627,val
2628,test
2629,train
2630,train
2631,train
2632,train
2633,train
2634,train
2635,train
2636,train
2637,train
2638,train
2639,train
2640,train
2641,train
2642,train
2643,train
2644,test
2645,train
2646,train
2647,train
2648,train
2649,train
2650,train
2651,val
2652,train
2653,train
2654,train
2655,test
2656,train
2657,train
2658,train
2659,train
2660,train
2661,train
2662,train
2663,train
2664,train
2665,train
2666,train
2667,train
2668,val
2669,val
2670,val
2671,train
2672,train
2673,train
2674,train
2675,train
2676,train
2677,train
2678,val
2679,train
2680,test
2681,val
2682,train
2683,train
2684,train
2685,train
2686,train
2687,train
2688,train
2689,train
2690,train
2691,train
2692,train
2693,train
2694,train
2695,train
2696,train
2697,train
2698,train
2699,train
2700,test
2701,train
2702,train
2703,train
2704,train
2705,train
2706,train
2707,val
2708,train
2709,train
2710,train
2711,train
2712,test
2713,train
2714,train
2715,train
2716,train
2717,train
2718,train
2719,train
2720,train
2721,train
2722,test
2723,train
2724,train
2725,train
2726,train
2727,train
2728,train
2729,train
2730,train
2731,train
2732,train
2733,train
2734,test
2735,train
2736,train
2737,test
2738,val
2739,train
2740,train
2741,train
2742,train
2743,test
2744,train
2745,train
2746,train
2747,train
2748,train
2749,train
2750,train
2751,train
2752,train
2753,test
2754,train
2755,test
2756,train
2757,train
2758,val
2759,train
2760,train
2761,val
2762,train
2763,train
2764,train
2765,test
2766,train
2767,train
2768,train
2769,train
2770,train
2771,train
2772,train
2773,val
2774,train
2775,train
2776,test
2777,train
2778,train
2779,train
2780,val
2781,train
2782,val
2783,train
2784,train
2785,train
2786,train
2787,train
2788,train
2789,train
2790,train
2791,train
2792,train
2793,train
2794,train
2795,train
2796,train
2797,train
2798,train
2799,test
2800,train
2801,train
2802,train
2803,train
2804,train
2805,train
2806,train
2807,val
2808,train
2809,train
2810,train
2811,test
2812,train
2813,val
2814,val
2815,train
2816,train
2817,train
2818,test
2819,train
2820,train
2821,test
2822,train
2823,train
2824,train
2825,train
2826,train
2827,train
2828,train
2829,train
2830,val
2831,val
2832,train
2833,train
2834,train
2835,train
2836,train
2837,train
2838,train
2839,train
2840,train
2841,train
2842,train
2843,train
2844,train
2845,test
2846,train
2847,train
2848,train
2849,train
2850,train
2851,train
2852,test
2853,test
2854,train
2855,train
2856,train
2857,train
2858,train
2859,train
2860,test
2861,val
2862,train
2863,train
2864,train
2865,train
2866,train
2867,train
2868,train
2869,test
2870,train
2871,train
2872,train
2873,train
2874,train
2875,train
2876,train
2877,train
2878,train
2879,train
2880,train
2881,train
2882,train
2883,train
2884,train
2885,train
2886,test
2887,train
2888,train
2889,train
2890,train
2891,train
2892,train
2893,test
2894,train
2895,train
2896,val
2897,train
2898,test
2899,train
2900,test
2901,train
2902,train
2903,train
2904,train
2905,train
2906,train
2907,train
2908,train
2909,train
2910,train
2911,train
2912,val
2913,train
2914,train
2915,train
2916,train
2917,train
2918,train
2919,train
2920,train
2921,train
2922,train
2923,train
2924,train
2925,train
2926,train
2927,train
2928,train
2929,train
2930,train
2931,train
2932,test
2933,train
2934,train
2935,train
2936,train
2937,train
2938,train
2939,train
2940,train
2941,train
2942,train
2943,train
2944,train
2945,val
2946,train
2947,train
2948,train
2949,train
2950,train
2951,train
2952,train
2953,train
2954,val
2955,train
2956,val
2957,train
2958,train
2959,train
2960,train
2961,train
2962,train
2963,train
2964,train
2965,val
2966,train
2967,train
2968,train
2969,train
2970,train
2971,test
2972,train
2973,train
2974,val
2975,test
2976,test
2977,test
2978,val
2979,train
2980,train
2981,test
2982,train
2983,train
2984,train
2985,train
2986,train
2987,train
2988,train
2989,train
2990,train
2991,train
2992,val
2993,train
2994,train
2995,train
2996,train
2997,train
2998,train
2999,train
3000,val
3001,train
3002,train
3003,train
3004,val
3005,train
3006,train
3007,val
3008,train
3009,test
3010,train
3011,test
3012,train
3013,train
3014,val
3015,train
3016,test
3017,train
3018,train
3019,train
3020,train
3021,test
3022,train
3023,train
3024,train
3025,train
3026,train
3027,train
3028,train
3029,val
3030,train
3031,val
3032,train
3033,train
3034,train
3035,train
3036,train
3037,train
3038,test
3039,test
3040,train
3041,train
3042,val
3043,train
3044,train
3045,train
3046,train
3047,train
3048,test
3049,train
3050,train
3051,val
3052,train
3053,train
3054,train
3055,val
3056,test
3057,train
3058,train
3059,train
3060,train
3061,test
3062,train
3063,train
3064,test
3065,test
3066,train
3067,train
3068,test
3069,train
3070,train
3071,train
3072,train
3073,train
3074,train
3075,train
3076,test
3077,train
3078,val
3079,val
3080,train
3081,val
3082,train
3083,train
3084,train
3085,test
3086,train
3087,train
3088,train
3089,train
3090,val
3091,test
3092,train
3093,train
3094,train
3095,val
3096,train
3097,train
3098,train
3099,test
3100,train
3101,val
3102,train
3103,train
3104,train
3105,test
3106,train
3107,train
3108,val
3109,train
3110,train
3111,test
3112,train
3113,test
3114,train
3115,train
3116,train
3117,train
3118,train
3119,train
3120,train
3121,train
3122,train
3123,val
3124,val
3125,train
3126,train
3127,train
3128,train
3129,train
3130,train
3131,train
3132,train
3133,train
3134,train
3135,test
3136,train
3137,train
3138,val
3139,train
3140,train
3141,train
3142,test
3143,train
3144,test
3145,train
3146,train
3147,train
3148,val
3149,train
3150,test
3151,test
3152,train
3153,train
3154,train
3155,train
3156,train
3157,train
3158,train
3159,val
3160,train
3161,val
3162,train
3163,test
3164,train
3165,val
3166,train
3167,train
3168,train
3169,train
3170,train
3171,val
3172,train
3173,train
3174,train
3175,train
3176,train
3177,test
3178,train
3179,train
3180,train
3181,train
3182,test
3183,train
3184,train
3185,train
3186,train
3187,train
3188,train
3189,train
3190,train
3191,train
3192,train
3193,train
3194,train
3195,test
3196,train
3197,test
3198,test
3199,train
3200,val
3201,train
3202,train
3203,train
3204,test
3205,train
3206,train
3207,train
3208,train
3209,train
3210,test
3211,train
3212,train
3213,train
3214,train
3215,train
3216,train
3217,train
3218,train
3219,test
3220,train
3221,train
3222,val
3223,train
3224,train
3225,train
3226,train
3227,train
3228,train
3229,train
3230,train
3231,train
3232,train
3233,train
3234,train
3235,train
3236,train
3237,train
3238,test
3239,train
3240,train
3241,test
3242,train
3243,train
3244,train
3245,train
3246,train
3247,train
3248,train
3249,train
3250,train
3251,train
3252,train
3253,train
3254,val
3255,train
3256,train
3257,val
3258,train
3259,train
3260,train
3261,val
3262,test
3263,val
3264,train
3265,train
3266,train
3267,test
3268,train
3269,train
3270,train
3271,train
3272,train
3273,train
3274,train
3275,train
3276,train
3277,train
3278,train
3279,train
3280,train
3281,val
3282,train
3283,train
3284,train
3285,train
3286,train
3287,train
3288,train
3289,train
3290,train
3291,val
3292,train
3293,train
3294,train
3295,test
3296,train
3297,test
3298,train
3299,train
3300,test
3301,train
3302,train
3303,train
3304,test
3305,train
3306,train
3307,train
3308,train
3309,train
3310,test
3311,test
3312,val
3313,train
3314,train
3315,train
3316,train
3317,val
3318,train
3319,train
3320,val
3321,train
3322,train
3323,test
3324,train
3325,train
3326,val
3327,train
3328,train
3329,train
3330,val
3331,train
3332,train
3333,train
3334,train
3335,train
3336,train
3337,train
3338,val
3339,train
3340,train
3341,train
3342,train
3343,train
3344,train
3345,train
3346,test
3347,train
3348,train
3349,train
3350,train
3351,train
3352,train
3353,train
3354,val
3355,train
3356,train
3357,test
3358,train
3359,train
3360,test
3361,val
3362,train
3363,train
3364,train
3365,train
3366,val
3367,train
3368,train
3369,val
3370,test
3371,train
3372,train
3373,train
3374,train
3375,train
3376,train
3377,test
3378,train
3379,train
3380,train
3381,test
3382,train
3383,train
3384,train
3385,train
3386,train
3387,val
3388,train
3389,train
3390,train
3391,train
3392,train
3393,train
3394,train
3395,test
3396,train
3397,test
3398,train
3399,train
3400,train
3401,train
3402,train
3403,train
3404,train
3405,test
3406,test
3407,train
3408,train
3409,train
3410,train
3411,train
3412,train
3413,train
3414,train
3415,val
3416,train
3417,train
3418,train
3419,train
3420,train
3421,val
3422,train
3423,train
3424,train
3425,train
3426,train
3427,train
3428,train
3429,val
3430,train
3431,train
3432,train
3433,train
3434,train
3435,train
3436,train
3437,test
3438,train
3439,train
3440,train
3441,train
3442,train
3443,train
3444,train
3445,train
3446,train
3447,val
3448,test
3449,train
3450,train
3451,train
3452,train
3453,train
3454,train
3455,train
3456,train
3457,train
3458,train
3459,test
3460,train
3461,train
3462,train
3463,train
3464,test
3465,train
3466,train
3467,train
3468,train
3469,val
3470,train
3471,test
3472,train
3473,train
3474,train
3475,train
3476,val
3477,train
3478,train
3479,test
3480,train
3481,train
3482,train
3483,train
3484,train
3485,train
3486,train
3487,train
3488,train
3489,train
3490,train
3491,val
3492,train
3493,train
3494,train
3495,train
3496,train
3497,train
3498,val
3499,train
3500,train
3501,train
3502,train
3503,train
3504,train
3505,train
3506,train
3507,val
3508,train
3509,test
3510,train
3511,train
3512,test
3513,train
3514,train
3515,train
3516,train
3517,train
3518,train
3519,train
3520,train
3521,val
3522,test
3523,train
3524,train
3525,train
3526,train
3527,val
3528,train
3529,train
3530,test
3531,test
3532,val
3533,train
3534,val
3535,train
3536,train
3537,train
3538,train
3539,train
3540,train
3541,train
3542,train
3543,val
3544,train
3545,train
3546,val
3547,val
3548,val
3549,train
3550,train
3551,train
3552,train
3553,train
3554,train
3555,train
3556,train
3557,train
3558,train
3559,val
3560,train
3561,train
3562,train
3563,train
3564,train
3565,train
3566,train
3567,train
3568,train
3569,train
3570,test
3571,train
3572,train
3573,val
3574,train
3575,train
3576,train
3577,test
3578,val
3579,train
3580,test
3581,train
3582,train
3583,train
3584,train
3585,train
3586,train
3587,val
3588,val
3589,test
3590,train
3591,train
3592,train
3593,train
3594,train
3595,train
3596,test
3597,train
3598,train
3599,train
3600,train
3601,train
3602,train
3603,val
3604,train
3605,train
3606,train
3607,train
3608,val
3609,train
3610,val
3611,train
3612,train
3613,train
3614,test
3615,train
3616,val
3617,train
3618,val
3619,train
3620,train
3621,train
3622,train
3623,train
3624,train
3625,train
3626,train
3627,train
3628,train
3629,train
3630,train
3631,test
3632,train
3633,train
3634,val
3635,test
3636,train
3637,train
3638,train
3639,val
3640,train
3641,train
3642,train
3643,train
3644,train
3645,val
3646,train
3647,test
3648,train
3649,test
3650,train
3651,train
3652,test
3653,train
3654,train
3655,train
3656,val
3657,train
3658,train
3659,train
3660,train
3661,train
3662,train
3663,train
3664,train
3665,val
3666,val
3667,val
3668,train
3669,train
3670,train
3671,train
3672,train
3673,train
3674,val
3675,train
3676,train
3677,train
3678,train
3679,train
3680,train
3681,train
3682,train
3683,train
3684,train
3685,train
3686,train
3687,train
3688,test
3689,train
3690,test
3691,train
3692,train
3693,val
3694,val
3695,train
3696,test
3697,train
3698,test
3699,train
3700,train
3701,train
3702,test
3703,train
3704,train
3705,val
3706,train
3707,train
3708,val
3709,train
3710,train
3711,test
3712,train
3713,train
3714,test
3715,train
3716,train
3717,test
3718,train
3719,train
3720,train
3721,train
3722,train
3723,train
3724,train
3725,test
3726,train
3727,test
3728,train
3729,train
3730,train
3731,train
3732,train
3733,train
3734,val
3735,train
3736,train
3737,test
3738,train
3739,val
3740,train
3741,train
3742,train
3743,train
3744,train
3745,train
3746,test
3747,train
3748,train
3749,val
3750,train
3751,train
3752,train
3753,train
3754,train
3755,train
3756,val
3757,train
3758,train
3759,train
3760,train
3761,test
3762,train
3763,train
3764,train
3765,test
3766,train
3767,train
3768,train
3769,test
3770,val
3771,train
3772,train
3773,train
3774,val
3775,train
3776,train
3777,train
3778,train
3779,train
3780,train
3781,val
3782,train
3783,test
3784,train
3785,train
3786,train
3787,train
3788,test
3789,train
3790,train
3791,train
3792,train
3793,train
3794,train
3795,train
3796,train
3797,train
3798,train
3799,train
3800,val
3801,train
3802,test
3803,train
3804,train
3805,train
3806,train
3807,train
3808,train
3809,train
3810,train
3811,train
3812,val
3813,train
3814,train
3815,train
3816,train
3817,train
3818,train
3819,val
3820,train
3821,train
3822,train
3823,train
3824,train
3825,val
3826,test
3827,train
3828,train
3829,val
3830,train
3831,train
3832,train
3833,train
3834,test
3835,train
3836,train
3837,train
3838,val
3839,train
3840,train
3841,train
3842,train
3843,val
3844,train
3845,train
3846,train
3847,train
3848,val
3849,test
3850,train
3851,test
3852,train
3853,train
3854,val
3855,val
3856,train
3857,val
3858,train
3859,train
3860,train
3861,train
3862,train
3863,train
3864,train
3865,train
3866,train
3867,val
3868,train
3869,train
3870,train
3871,train
3872,train
3873,train
3874,train
3875,train
3876,train
3877,train
3878,train
3879,train
3880,train
3881,train
3882,train
3883,train
3884,train
3885,train
3886,val
3887,train
3888,train
3889,train
3890,train
3891,train
3892,train
3893,train
3894,train
3895,train
3896,train
3897,train
3898,train
3899,train
3900,train
3901,train
3902,train
3903,train
3904,train
3905,train
3906,val
3907,train
3908,val
3909,train
3910,val
3911,val
3912,train
3913,test
3914,train
3915,train
3916,train
3917,train
3918,train
3919,train
3920,test
3921,train
3922,val
3923,train
3924,train
3925,train
3926,train
3927,train
3928,train
3929,train
3930,train
3931,val
3932,train
3933,train
3934,train
3935,test
3936,train
3937,val
3938,train
3939,val
3940,train
3941,train
3942,train
3943,train
3944,train
3945,train
3946,train
3947,train
3948,train
3949,train
3950,train
3951,val
3952,train
3953,train
3954,train
3955,train
3956,train
3957,train
3958,train
3959,test
3960,train
3961,train
3962,train
3963,train
3964,train
3965,test
3966,train
3967,train
3968,train
3969,train
3970,train
3971,train
3972,train
3973,train
3974,train
3975,train
3976,train
3977,train
3978,train
3979,train
3980,train
3981,val
3982,train
3983,train
3984,train
3985,train
3986,train
3987,train
3988,train
3989,train
3990,train
3991,train
3992,train
3993,train
3994,train
3995,train
3996,train
3997,train
3998,train
3999,train
4000,val
4001,train
4002,train
4003,train
4004,train
4005,train
4006,train
4007,val
4008,train
4009,train
4010,train
4011,train
4012,train
4013,train
4014,test
4015,train
4016,train
4017,train
4018,train
4019,train
4020,test
4021,test
4022,train
4023,train
4024,train
4025,train
4026,train
4027,train
4028,val
4029,train
4030,test
4031,train
4032,train
4033,val
4034,val
4035,test
4036,train
4037,train
4038,val
4039,train
4040,train
4041,train
4042,train
4043,train
4044,train
4045,train
4046,train
4047,train
4048,train
4049,train
4050,train
4051,train
4052,train
4053,val
4054,train
4055,train
4056,train
4057,train
4058,train
4059,test
4060,train
4061,val
4062,test
4063,val
4064,test
4065,train
4066,train
4067,test
4068,train
4069,train
4070,train
4071,train
4072,train
4073,train
4074,test
4075,train
4076,train
4077,test
4078,train
4079,train
4080,train
4081,val
4082,train
4083,val
4084,train
4085,train
4086,train
4087,test
4088,train
4089,val
4090,train
4091,train
4092,train
4093,train
4094,test
4095,train
4096,train
4097,train
4098,train
4099,train
4100,val
4101,test
4102,train
4103,train
4104,train
4105,train
4106,train
4107,val
4108,train
4109,train
4110,train
4111,train
4112,train
4113,train
4114,train
4115,val
4116,train
4117,train
4118,train
4119,train
4120,train
4121,test
4122,train
4123,train
4124,train
4125,train
4126,train
4127,train
4128,train
4129,train
4130,test
4131,train
4132,val
4133,train
4134,train
4135,test
4136,train
4137,train
4138,train
4139,train
4140,train
4141,train
4142,train
4143,train
4144,train
4145,val
4146,val
4147,test
4148,train
4149,train
4150,train
4151,train
4152,train
4153,train
4154,train
4155,train
4156,train
4157,train
4158,train
4159,train
4160,train
4161,train
4162,train
4163,test
4164,train
4165,train
4166,train
4167,train
4168,train
4169,test
4170,train
4171,train
4172,train
4173,train
4174,train
4175,val
4176,train
4177,val
4178,train
4179,train
4180,test
4181,val
4182,train
4183,train
4184,train
4185,val
4186,train
4187,train
4188,train
4189,train
4190,train
4191,train
4192,test
4193,train
4194,train
4195,train
4196,train
4197,train
4198,train
4199,val
4200,train
4201,train
4202,train
4203,train
4204,train
4205,test
4206,train
4207,test
4208,val
4209,train
4210,train
4211,train
4212,train
4213,train
4214,train
4215,train
4216,test
4217,train
4218,train
4219,train
4220,val
4221,train
4222,test
4223,train
4224,test
4225,val
4226,train
4227,train
4228,train
4229,test
4230,train
4231,train
4232,test
4233,train
4234,val
4235,test
4236,train
4237,train
4238,train
4239,test
4240,train
4241,train
4242,train
4243,train
4244,train
4245,train
4246,val
4247,test
4248,train
4249,train
4250,train
4251,train
4252,train
4253,train
4254,train
4255,test
4256,train
4257,train
4258,test
4259,train
4260,val
4261,train
4262,test
4263,train
4264,train
4265,train
4266,train
4267,train
4268,train
4269,train
4270,train
4271,train
4272,train
4273,train
4274,train
4275,test
4276,train
4277,train
4278,train
4279,train
4280,val
4281,test
4282,train
4283,train
4284,test
4285,train
4286,train
4287,train
4288,train
4289,train
4290,test
4291,train
4292,test
4293,train
4294,train
4295,test
4296,train
4297,train
4298,val
4299,train
4300,train
4301,train
4302,train
4303,train
4304,train
4305,train
4306,test
4307,train
4308,val
4309,train
4310,train
4311,train
4312,train
4313,val
4314,train
4315,train
4316,train
4317,train
4318,val
4319,val
4320,train
4321,val
4322,train
4323,train
4324,train
4325,val
4326,train
4327,train
4328,test
4329,val
4330,val
4331,train
4332,train
4333,train
4334,train
4335,train
4336,train
4337,train
4338,train
4339,test
4340,train
4341,test
4342,train
4343,test
4344,train
4345,train
4346,train
4347,train
4348,train
4349,train
4350,test
4351,train
4352,test
4353,train
4354,train
4355,val
4356,train
4357,train
4358,val
4359,train
4360,train
4361,test
4362,train
4363,train
4364,train
4365,train
4366,train
4367,train
4368,test
4369,train
4370,train
4371,train
4372,val
4373,train
4374,test
4375,test
4376,train
4377,train
4378,train
4379,train
4380,train
4381,train
4382,test
4383,train
4384,train
4385,train
4386,val
4387,train
4388,test
4389,train
4390,test
4391,train
4392,train
4393,train
4394,train
4395,train
4396,train
4397,train
4398,train
4399,val
4400,train
4401,train
4402,train
4403,train
4404,train
4405,train
4406,test
4407,test
4408,train
4409,train
4410,train
4411,val
4412,test
4413,train
4414,train
4415,train
4416,train
4417,train
4418,train
4419,train
4420,train
4421,val
4422,train
4423,train
4424,train
4425,val
4426,val
4427,train
4428,test
4429,train
4430,val
4431,train
4432,train
4433,train
4434,train
4435,train
4436,test
4437,train
4438,train
4439,train
4440,val
4441,train
4442,train
4443,train
4444,train
4445,test
4446,train
4447,train
4448,train
4449,test
4450,train
4451,train
4452,train
4453,train
4454,train
4455,train
4456,train
4457,train
4458,train
4459,train
4460,test
4461,train
4462,val
4463,train
4464,train
4465,train
4466,train
4467,val
4468,train
4469,train
4470,test
4471,train
4472,train
4473,train
4474,train
4475,train
4476,train
4477,train
4478,train
4479,train
4480,train
4481,train
4482,train
4483,train
4484,train
4485,train
4486,train
4487,train
4488,train
4489,test
4490,test
4491,train
4492,train
4493,train
4494,train
4495,val
4496,train
4497,train
4498,val
4499,train
4500,train
4501,train
4502,test
4503,train
4504,train
4505,train
4506,train
4507,train
4508,train
4509,train
4510,train
4511,train
4512,train
4513,train
4514,train
4515,val
4516,train
4517,train
4518,train
4519,val
4520,train
4521,train
4522,train
4523,train
4524,train
4525,val
4526,test
4527,test
4528,test
4529,train
4530,train
4531,train
4532,train
4533,train
4534,train
4535,val
4536,train
4537,train
4538,train
4539,train
4540,test
4541,train
4542,train
4543,train
4544,train
4545,train
4546,train
4547,train
4548,train
4549,train
4550,train
4551,train
4552,train
4553,train
4554,train
4555,train
4556,val
4557,val
4558,val
4559,train
4560,train
4561,train
4562,train
4563,train
4564,train
4565,train
4566,val
4567,train
4568,train
4569,train
4570,train
4571,train
4572,train
4573,test
4574,train
4575,train
4576,train
4577,train
4578,val
4579,train
4580,train
4581,train
4582,train
4583,train
4584,test
4585,test
4586,train
4587,train
4588,val
4589,train
4590,train
4591,train
4592,train
4593,train
4594,train
4595,train
4596,train
4597,train
4598,train
4599,train
4600,train
4601,train
4602,train
4603,train
4604,train
4605,train
4606,train
4607,train
4608,train
4609,train
4610,train
4611,test
4612,train
4613,train
4614,test
4615,test
4616,train
4617,train
4618,train
4619,train
4620,train
4621,train
4622,train
4623,train
4624,val
4625,train
4626,test
4627,train
4628,train
4629,train
4630,train
4631,train
4632,train
4633,train
4634,val
4635,train
4636,train
4637,train
4638,test
4639,train
4640,train
4641,train
4642,train
4643,train
4644,test
4645,train
4646,test
4647,train
4648,train
4649,train
4650,train
4651,train
4652,train
4653,train
4654,test
4655,train
4656,train
4657,train
4658,train
4659,test
4660,test
4661,train
4662,train
4663,train
4664,train
4665,train
4666,train
4667,train
4668,train
4669,val
4670,train
4671,train
4672,train
4673,train
4674,train
4675,train
4676,train
4677,train
4678,train
4679,train
4680,train
4681,train
4682,train
4683,train
4684,train
4685,train
4686,val
4687,val
4688,train
4689,train
4690,train
4691,val
4692,train
4693,test
4694,train
4695,train
4696,train
4697,train
4698,train
4699,train
4700,train
4701,train
4702,train
4703,train
4704,train
4705,val
4706,train
4707,train
4708,test
4709,train
4710,train
4711,train
4712,train
4713,train
4714,train
4715,train
4716,val
4717,train
4718,train
4719,val
4720,train
4721,train
4722,train
4723,train
4724,train
4725,val
4726,test
4727,train
4728,train
4729,train
4730,train
4731,train
4732,val
4733,val
4734,train
4735,val
4736,train
4737,train
4738,train
4739,train
4740,val
4741,train
4742,train
4743,train
4744,train
4745,val
4746,train
4747,train
4748,train
4749,train
4750,train
4751,train
4752,test
4753,train
4754,train
4755,train
4756,train
4757,train
4758,train
4759,train
4760,train
4761,train
4762,train
4763,train
4764,val
4765,val
4766,train
4767,train
4768,train
4769,train
4770,val
4771,train
4772,train
4773,test
4774,test
4775,train
4776,train
4777,train
4778,train
4779,train
4780,train
4781,train
4782,train
4783,train
4784,train
4785,train
4786,train
4787,train
4788,train
4789,train
4790,train
4791,train
4792,train
4793,train
4794,train
4795,train
4796,test
4797,train
4798,train
4799,train
4800,train
4801,train
4802,train
4803,train
4804,val
4805,train
4806,train
4807,train
4808,train
4809,train
4810,train
4811,train
4812,train
4813,test
4814,test
4815,train
4816,val
4817,train
4818,train
4819,train
4820,train
4821,train
4822,train
4823,train
4824,train
4825,train
4826,train
4827,train
4828,val
4829,train
4830,train
4831,train
4832,train
4833,test
4834,test
4835,train
4836,train
4837,test
4838,val
4839,train
4840,train
4841,train
4842,train
4843,train
4844,train
4845,train
4846,train
4847,train
4848,test
4849,train
4850,train
4851,train
4852,test
4853,train
4854,train
4855,train
4856,val
4857,train
4858,val
4859,train
4860,val
4861,val
4862,train
4863,train
4864,train
4865,train
4866,train
4867,train
4868,train
4869,train
4870,train
4871,train
4872,train
4873,train
4874,train
4875,train
4876,train
4877,train
4878,train
4879,train
4880,train
4881,train
4882,train
4883,train
4884,train
4885,train
4886,train
4887,train
4888,train
4889,train
4890,train
4891,test
4892,train
4893,train
4894,val
4895,val
4896,train
4897,train
4898,train
4899,train
4900,val
4901,train
4902,train
4903,train
4904,train
4905,train
4906,train
4907,train
4908,train
4909,train
4910,test
4911,train
4912,train
4913,train
4914,val
4915,train
4916,val
4917,train
4918,test
4919,train
4920,train
4921,train
4922,train
4923,train
4924,test
4925,train
4926,train
4927,test
4928,train
4929,train
4930,train
4931,train
4932,train
4933,test
4934,test
4935,train
4936,train
4937,test
4938,train
4939,train
4940,train
4941,train
4942,test
4943,train
4944,val
4945,test
4946,train
4947,train
4948,train
4949,train
4950,train
4951,train
4952,train
4953,train
4954,train
4955,train
4956,train
4957,train
4958,train
4959,train
4960,val
4961,train
4962,train
4963,train
4964,train
4965,train
4966,train
4967,train
4968,train
4969,train
4970,train
4971,train
4972,train
4973,test
4974,train
4975,train
4976,val
4977,train
4978,train
4979,train
4980,train
4981,train
4982,train
4983,test
4984,train
4985,train
4986,train
4987,train
4988,train
4989,train
4990,train
4991,train
4992,train
4993,train
4994,test
4995,train
4996,test
4997,test
4998,train
4999,train
5000,train
5001,train
5002,val
5003,train
5004,train
5005,train
5006,train
5007,train
5008,train
5009,train
5010,train
5011,train
5012,test
5013,train
5014,train
5015,train
5016,train
5017,train
5018,train
5019,train
5020,train
5021,train
5022,train
5023,train
5024,train
5025,train
5026,train
5027,train
5028,train
5029,train
5030,train
5031,train
5032,train
5033,train
5034,test
5035,train
5036,train
5037,train
5038,val
5039,test
5040,val
5041,train
5042,train
5043,train
5044,val
5045,val
5046,train
5047,train
5048,train
5049,train
5050,train
5051,val
5052,train
5053,train
5054,val
5055,train
5056,train
5057,train
5058,train
5059,train
5060,train
5061,train
5062,train
5063,train
5064,test
5065,train
5066,train
5067,val
5068,test
5069,train
5070,train
5071,test
5072,test
5073,train
5074,train
5075,train
5076,train
5077,val
5078,train
5079,train
5080,train
5081,train
5082,train
5083,train
5084,train
5085,train
5086,train
5087,train
5088,train
5089,train
5090,train
5091,train
5092,train
5093,train
5094,train
5095,val
5096,train
5097,train
5098,train
5099,test
5100,train
5101,test
5102,train
5103,test
5104,train
5105,val
5106,train
5107,val
5108,train
5109,train
5110,train
5111,train
5112,train
5113,train
5114,val
5115,val
5116,train
5117,train
5118,val
5119,train
5120,test
5121,train
5122,train
5123,train
5124,train
5125,train
5126,train
5127,train
5128,test
5129,train
5130,test
5131,train
5132,train
5133,train
5134,val
5135,train
5136,train
5137,train
5138,val
5139,train
5140,train
5141,train
5142,val
5143,val
5144,train
5145,test
5146,train
5147,val
5148,train
5149,train
5150,train
5151,train
5152,train
5153,train
5154,train
5155,train
5156,val
5157,test
5158,test
5159,train
5160,train
5161,train
5162,train
5163,train
5164,train
5165,train
5166,train
5167,train
5168,train
5169,val
5170,train
5171,train
5172,train
5173,train
5174,train
5175,test
5176,train
5177,train
5178,val
5179,train
5180,train
5181,test
5182,train
5183,train
5184,test
5185,test
5186,val
5187,train
5188,train
5189,train
5190,train
5191,train
5192,train
5193,train
5194,train
5195,train
5196,train
5197,train
5198,val
5199,train
5200,test
5201,train
5202,train
5203,train
5204,train
5205,val
5206,train
5207,train
5208,train
5209,train
5210,val
5211,val
5212,train
5213,val
5214,train
5215,train
5216,train
5217,train
5218,train
5219,train
5220,train
5221,train
5222,train
5223,train
5224,train
5225,val
5226,train
5227,train
5228,train
5229,train
5230,test
5231,train
5232,train
5233,train
5234,train
5235,val
5236,train
5237,train
5238,train
5239,val
5240,train
5241,train
5242,train
5243,train
5244,train
5245,val
5246,train
5247,train
5248,train
5249,train
5250,train
5251,train
5252,train
5253,train
5254,train
5255,train
5256,train
5257,train
5258,train
5259,train
5260,train
5261,train
5262,train
5263,train
5264,train
5265,val
5266,train
5267,train
5268,train
5269,train
5270,train
5271,train
5272,train
5273,train
5274,train
5275,val
5276,train
5277,train
5278,train
5279,val
5280,train
5281,train
5282,val
5283,val
5284,train
5285,train
5286,train
5287,train
5288,train
5289,train
5290,train
5291,test
5292,train
5293,train
5294,train
5295,train
5296,test
5297,test
5298,test
5299,test
5300,train
5301,test
5302,test
5303,val
5304,val
5305,train
5306,train
5307,train
5308,train
5309,train
5310,train
5311,train
5312,train
5313,train
5314,train
5315,val
5316,train
5317,test
5318,train
5319,train
5320,train
5321,train
5322,train
5323,train
5324,train
5325,val
5326,train
5327,val
5328,train
5329,train
5330,train
5331,train
5332,train
5333,train
5334,train
5335,train
5336,train
5337,train
5338,train
5339,train
5340,train
5341,train
5342,train
5343,train
5344,val
5345,train
5346,train
5347,test
5348,val
5349,train
5350,test
5351,train
5352,train
5353,train
5354,train
5355,train
5356,train
5357,test
5358,train
5359,train
5360,train
5361,train
5362,train
5363,train
5364,train
5365,train
5366,train
5367,val
5368,val
5369,train
5370,val
5371,train
5372,val
5373,train
5374,train
5375,train
5376,train
5377,train
5378,train
5379,train
5380,train
5381,train
5382,val
5383,train
5384,train
5385,train
5386,train
5387,train
5388,test
5389,train
5390,train
5391,train
5392,train
5393,train
5394,train
5395,train
5396,val
5397,train
5398,train
5399,train
5400,val
5401,train
5402,test
5403,train
5404,train
5405,train
5406,train
5407,train
5408,test
5409,train
5410,val
5411,train
5412,train
5413,train
5414,train
5415,val
5416,train
5417,val
5418,train
5419,train
5420,train
5421,train
5422,train
5423,train
5424,test
5425,train
5426,train
5427,train
5428,train
5429,train
5430,train
5431,train
5432,test
5433,train
5434,train
5435,train
5436,train
5437,train
5438,train
5439,train
5440,train
5441,train
5442,val
5443,train
5444,train
5445,train
5446,test
5447,train
5448,train
5449,train
5450,train
5451,train
5452,train
5453,train
5454,train
5455,train
5456,test
5457,train
5458,train
5459,train
5460,train
5461,train
5462,train
5463,train
5464,train
5465,train
5466,train
5467,val
5468,val
5469,train
5470,train
5471,train
5472,train
5473,train
5474,test
5475,train
5476,train
5477,train
5478,train
5479,train
5480,train
5481,train
5482,test
5483,train
5484,train
5485,train
5486,train
5487,test
5488,train
5489,test
5490,train
5491,train
5492,train
5493,train
5494,train
5495,train
5496,val
5497,test
5498,val
5499,train
5500,train
5501,train
5502,train
5503,train
5504,train
5505,train
5506,test
5507,train
5508,train
5509,train
5510,train
5511,test
5512,train
5513,train
5514,train
5515,train
5516,train
5517,train
5518,train
5519,test
5520,train
5521,test
5522,train
5523,train
5524,val
5525,train
5526,train
5527,train
5528,train
5529,train
5530,train
5531,train
5532,train
5533,train
5534,train
5535,train
5536,val
5537,train
5538,val
5539,train
5540,train
5541,train
5542,test
5543,test
5544,val
5545,val
5546,train
5547,train
5548,train
5549,train
5550,train
5551,test
5552,train
5553,train
5554,train
5555,val
5556,train
5557,train
5558,train
5559,train
5560,train
5561,train
5562,train
5563,train
5564,train
5565,train
5566,val
5567,train
5568,train
5569,train
5570,train
5571,train
5572,test
5573,train
5574,val
5575,train
5576,train
5577,train
5578,train
5579,train
5580,val
5581,train
5582,train
5583,train
5584,train
5585,train
5586,train
5587,train
5588,test
5589,train
5590,train
5591,test
5592,val
5593,train
5594,train
5595,train
5596,val
5597,train
5598,train
5599,train
5600,train
5601,train
5602,train
5603,train
5604,train
5605,train
5606,val
5607,train
5608,train
5609,train
5610,train
5611,train
5612,train
5613,train
5614,train
5615,train
5616,train
5617,train
5618,train
5619,train
5620,train
5621,train
5622,train
5623,train
5624,train
5625,train
5626,train
5627,val
5628,train
5629,test
5630,train
5631,train
5632,train
5633,test
5634,train
5635,train
5636,train
5637,train
5638,test
5639,train
5640,train
5641,train
5642,train
5643,train
5644,train
5645,train
5646,train
5647,train
5648,train
5649,test
5650,train
5651,test
5652,train
5653,val
5654,train
5655,train
5656,test
5657,train
5658,val
5659,train
5660,train
5661,train
5662,train
5663,train
5664,test
5665,val
5666,train
5667,train
5668,test
5669,train
5670,train
5671,train
5672,train
5673,train
5674,train
5675,train
5676,val
5677,train
5678,train
5679,val
5680,train
5681,train
5682,train
5683,train
5684,train
5685,train
5686,train
5687,train
5688,val
5689,train
5690,train
5691,train
5692,val
5693,val
5694,train
5695,train
5696,train
5697,train
5698,train
5699,train
5700,test
5701,train
5702,train
5703,train
5704,train
5705,train
5706,train
5707,train
5708,test
5709,train
5710,train
5711,train
5712,train
5713,train
5714,train
5715,train
5716,train
5717,train
5718,train
5719,val
5720,test
5721,train
5722,val
5723,train
5724,train
5725,train
5726,train
5727,train
5728,train
5729,test
5730,train
5731,train
5732,train
5733,test
5734,train
5735,train
5736,train
5737,val
5738,val
5739,train
5740,train
5741,train
5742,train
5743,train
5744,train
5745,train
5746,train
5747,train
5748,train
5749,train
5750,train
5751,train
5752,train
5753,train
5754,train
5755,train
5756,train
5757,train
5758,test
5759,train
5760,train
5761,train
5762,train
5763,train
5764,train
5765,train
5766,train
5767,train
5768,train
5769,val
5770,test
5771,train
5772,train
5773,train
5774,train
5775,val
5776,val
5777,train
5778,val
5779,train
5780,train
5781,train
5782,train
5783,train
5784,train
5785,val
5786,train
5787,val
5788,train
5789,train
5790,test
5791,train
5792,train
5793,val
5794,train
5795,train
5796,train
5797,train
5798,train
5799,val
5800,train
5801,train
5802,test
5803,test
5804,train
5805,train
5806,train
5807,train
5808,val
5809,train
5810,train
5811,train
5812,train
5813,train
5814,train
5815,train
5816,train
5817,train
5818,train
5819,train
5820,train
5821,train
5822,test
5823,train
5824,test
5825,train
5826,train
5827,train
5828,val
5829,train
5830,train
5831,val
5832,train
5833,train
5834,test
5835,train
5836,train
5837,train
5838,train
5839,test
5840,train
5841,val
5842,train
5843,train
5844,val
5845,train
5846,train
5847,train
5848,train
5849,test
5850,train
5851,test
5852,train
5853,train
5854,train
5855,train
5856,train
5857,train
5858,train
5859,test
5860,train
5861,train
5862,train
5863,train
5864,train
5865,train
5866,val
5867,train
5868,val
5869,train
5870,train
5871,train
5872,train
5873,train
5874,train
5875,train
5876,train
5877,train
5878,train
5879,test
5880,train
5881,train
5882,test
5883,train
5884,train
5885,train
5886,train
5887,train
5888,train
5889,train
5890,train
5891,train
5892,train
5893,train
5894,train
5895,train
5896,train
5897,train
5898,train
5899,val
5900,train
5901,test
5902,train
5903,train
5904,train
5905,train
5906,train
5907,train
5908,train
5909,val
5910,train
5911,train
5912,train
5913,test
5914,train
5915,train
5916,val
5917,train
5918,train
5919,train
5920,train
5921,val
5922,train
5923,train
5924,train
5925,train
5926,train
5927,train
5928,train
5929,train
5930,train
5931,train
5932,train
5933,val
5934,train
5935,train
5936,train
5937,train
5938,train
5939,train
5940,test
5941,test
5942,test
5943,train
5944,train
5945,train
5946,train
5947,train
5948,train
5949,train
5950,train
5951,val
5952,train
5953,train
5954,train
5955,train
5956,train
5957,train
5958,train
5959,train
5960,val
5961,train
5962,train
5963,train
5964,test
5965,train
5966,train
5967,train
5968,train
5969,train
5970,train
5971,val
5972,test
5973,train
5974,val
5975,test
5976,train
5977,train
5978,train
5979,test
5980,train
5981,train
5982,train
5983,train
5984,val
5985,train
5986,train
5987,test
5988,val
5989,train
5990,test
5991,train
5992,train
5993,train
5994,test
5995,train
5996,train
5997,train
5998,train
5999,train
6000,train
6001,train
6002,val
6003,train
6004,train
6005,train
6006,train
6007,train
6008,train
6009,train
6010,val
6011,train
6012,train
6013,train
6014,train
6015,train
6016,test
6017,test
6018,val
6019,train
6020,train
6021,train
6022,train
6023,train
6024,train
6025,train
6026,train
6027,train
6028,train
6029,train
6030,train
6031,train
6032,test
6033,train
6034,train
6035,train
6036,train
6037,train
6038,val
6039,val
6040,test
6041,test
6042,train
6043,val
6044,test
6045,train
6046,train
6047,train
6048,train
6049,val
6050,train
6051,train
6052,train
6053,train
6054,train
6055,train
6056,train
6057,val
6058,train
6059,val
6060,train
6061,train
6062,train
6063,train
6064,test
6065,train
6066,train
6067,train
6068,val
6069,train
6070,train
6071,train
6072,train
6073,train
6074,train
6075,val
6076,test
6077,test
6078,test
6079,val
6080,train
6081,val
6082,test
6083,train
6084,train
6085,train
6086,val
6087,train
6088,train
6089,train
6090,train
6091,train
6092,test
6093,train
6094,train
6095,test
6096,train
6097,train
6098,train
6099,train
6100,val
6101,train
6102,train
6103,train
6104,train
6105,test
6106,test
6107,train
6108,train
6109,train
6110,train
6111,train
6112,train
6113,val
6114,train
6115,train
6116,train
6117,train
6118,train
6119,train
6120,train
6121,train
6122,train
6123,train
6124,test
6125,train
6126,train
6127,train
6128,train
6129,train
6130,train
6131,test
6132,train
6133,train
6134,val
6135,train
6136,test
6137,val
6138,val
6139,train
6140,train
6141,train
6142,train
6143,val
6144,train
6145,train
6146,train
6147,train
6148,train
6149,val
6150,train
6151,val
6152,train
6153,train
6154,train
6155,train
6156,train
6157,train
6158,train
6159,test
6160,train
6161,train
6162,train
6163,train
6164,train
6165,train
6166,train
6167,test
6168,val
6169,train
6170,train
6171,train
6172,train
6173,train
6174,train
6175,test
6176,train
6177,train
6178,train
6179,train
6180,test
6181,train
6182,train
6183,test
6184,train
6185,train
6186,train
6187,train
6188,train
6189,train
6190,train
6191,train
6192,train
6193,train
6194,train
6195,val
6196,train
6197,train
6198,train
6199,train
6200,train
6201,train
6202,test
6203,train
6204,train
6205,val
6206,val
6207,train
6208,train
6209,train
6210,val
6211,train
6212,test
6213,train
6214,train
6215,train
6216,test
6217,train
6218,test
6219,train
6220,train
6221,test
6222,train
6223,val
6224,train
6225,test
6226,train
6227,train
6228,train
6229,train
6230,train
6231,train
6232,train
6233,train
6234,train
6235,train
6236,train
6237,train
6238,train
6239,train
6240,train
6241,train
6242,train
6243,train
6244,train
6245,train
6246,train
6247,val
6248,train
6249,train
6250,train
6251,train
6252,train
6253,val
6254,train
6255,train
6256,train
6257,val
6258,train
6259,val
6260,train
6261,train
6262,val
6263,train
6264,val
6265,test
6266,val
6267,train
6268,train
6269,train
6270,test
6271,train
6272,train
6273,train
6274,val
6275,val
6276,train
6277,train
6278,train
6279,train
6280,train
6281,train
6282,train
6283,train
6284,test
6285,val
6286,train
6287,train
6288,train
6289,train
6290,train
6291,train
6292,train
6293,train
6294,train
6295,train
6296,train
6297,train
6298,train
6299,test
6300,test
6301,train
6302,train
6303,test
6304,train
6305,test
6306,test
6307,train
6308,train
6309,train
6310,test
6311,train
6312,train
6313,val
6314,train
6315,train
6316,train
6317,train
6318,train
6319,val
6320,train
6321,test
6322,train
6323,train
6324,train
6325,test
6326,train
6327,train
6328,train
6329,train
6330,train
6331,train
6332,val
6333,train
6334,train
6335,train
6336,train
6337,test
6338,train
6339,train
6340,train
6341,train
6342,train
6343,train
6344,train
6345,val
6346,train
6347,val
6348,train
6349,train
6350,train
6351,train
6352,train
6353,train
6354,train
6355,train
6356,train
6357,train
6358,train
6359,train
6360,train
6361,train
6362,train
6363,train
6364,train
6365,train
6366,train
6367,train
6368,train
6369,train
6370,train
6371,train
6372,train
6373,train
6374,train
6375,val
6376,train
6377,train
6378,train
6379,train
6380,val
6381,train
6382,train
6383,test
6384,train
6385,train
6386,train
6387,train
6388,train
6389,train
6390,test
6391,train
6392,test
6393,train
6394,train
6395,val
6396,train
6397,train
6398,train
6399,train
6400,train
6401,train
6402,train
6403,train
6404,train
6405,train
6406,train
6407,train
6408,train
6409,test
6410,train
6411,train
6412,train
6413,val
6414,train
6415,train
6416,train
6417,train
6418,train
6419,val
6420,train
6421,train
6422,train
6423,train
6424,train
6425,train
6426,train
6427,train
6428,train
6429,train
6430,train
6431,train
6432,train
6433,train
6434,train
6435,train
6436,train
6437,train
6438,train
6439,val
6440,train
6441,train
6442,val
6443,train
6444,train
6445,train
6446,train
6447,train
6448,train
6449,train
6450,train
6451,train
6452,train
6453,train
6454,train
6455,train
6456,train
6457,train
6458,train
6459,test
6460,train
6461,train
6462,train
6463,train
6464,test
6465,train
6466,train
6467,train
6468,val
6469,train
6470,train
6471,train
6472,val
6473,train
6474,train
6475,train
6476,train
6477,train
6478,train
6479,train
6480,train
6481,train
6482,train
6483,train
6484,val
6485,train
6486,train
6487,val
6488,val
6489,val
6490,train
6491,train
6492,val
6493,train
6494,train
6495,test
6496,train
6497,train
6498,train
6499,val
6500,train
6501,train
6502,train
6503,val
6504,test
6505,train
6506,train
6507,train
6508,train
6509,train
6510,test
6511,train
6512,train
6513,train
6514,val
6515,train
6516,train
6517,test
6518,train
6519,train
6520,train
6521,train
6522,train
6523,train
6524,train
6525,train
6526,train
6527,train
6528,train
6529,train
6530,train
6531,test
6532,train
6533,val
6534,train
6535,train
6536,train
6537,train
6538,train
6539,train
6540,test
6541,train
6542,train
6543,train
6544,val
6545,val
6546,train
6547,train
6548,train
6549,train
6550,train
6551,train
6552,train
6553,train
6554,val
6555,train
6556,test
6557,val
6558,test
6559,train
6560,val
6561,train
6562,train
6563,train
6564,val
6565,train
6566,train
6567,train
6568,test
6569,train
6570,train
6571,train
6572,test
6573,train
6574,train
6575,train
6576,train
6577,val
6578,train
6579,test
6580,train
6581,train
6582,train
6583,train
6584,train
6585,test
6586,train
6587,train
6588,train
6589,train
6590,train
6591,train
6592,train
6593,train
6594,train
6595,val
6596,train
6597,train
6598,train
6599,train
6600,val
6601,train
6602,train
6603,train
6604,train
6605,train
6606,train
6607,train
6608,train
6609,train
6610,train
6611,train
6612,val
6613,val
6614,train
6615,train
6616,train
6617,train
6618,train
6619,val
6620,test
6621,val
6622,test
6623,train
6624,train
6625,train
6626,val
6627,train
6628,train
6629,train
6630,train
6631,train
6632,val
6633,train
6634,val
6635,train
6636,train
6637,train
6638,train
6639,train
6640,train
6641,train
6642,train
6643,test
6644,val
6645,train
6646,val
6647,train
6648,train
6649,train
6650,train
6651,train
6652,train
6653,train
6654,train
6655,val
6656,val
6657,train
6658,train
6659,train
6660,train
6661,train
6662,train
6663,train
6664,train
6665,train
6666,train
6667,train
6668,train
6669,test
6670,train
6671,train
6672,train
6673,train
6674,train
6675,train
6676,val
6677,train
6678,train
6679,train
6680,train
6681,train
6682,train
6683,train
6684,train
6685,val
6686,train
6687,val
6688,train
6689,train
6690,train
6691,test
6692,test
6693,train
6694,train
6695,train
6696,train
6697,train
6698,train
6699,val
6700,train
6701,val
6702,test
6703,train
6704,train
6705,train
6706,train
6707,train
6708,train
6709,test
6710,train
6711,train
6712,train
6713,train
6714,train
6715,train
6716,train
6717,train
6718,val
6719,train
6720,train
6721,train
6722,train
6723,test
6724,train
6725,train
6726,train
6727,train
6728,val
6729,train
6730,train
6731,train
6732,train
6733,train
6734,train
6735,train
6736,train
6737,train
6738,train
6739,train
6740,train
6741,train
6742,train
6743,train
6744,train
6745,train
6746,train
6747,train
6748,test
6749,train
6750,train
6751,train
6752,train
6753,train
6754,train
6755,train
6756,train
6757,train
6758,train
6759,train
6760,train
6761,train
6762,train
6763,train
6764,train
6765,train
6766,train
6767,train
6768,train
6769,train
6770,train
6771,train
6772,train
6773,train
6774,train
6775,train
6776,train
6777,train
6778,train
6779,val
6780,train
6781,train
6782,test
6783,train
6784,train
6785,test
6786,train
6787,train
6788,train
6789,train
6790,train
6791,train
6792,train
6793,val
6794,train
6795,train
6796,test
6797,train
6798,train
6799,train
6800,test
6801,train
6802,val
6803,train
6804,train
6805,test
6806,train
6807,train
6808,test
6809,train
6810,train
6811,train
6812,val
6813,val
6814,train
6815,train
6816,train
6817,train
6818,val
6819,val
6820,train
6821,train
6822,train
6823,train
6824,train
6825,train
6826,test
6827,train
6828,test
6829,train
6830,train
6831,train
6832,test
6833,train
6834,train
6835,train
6836,train
6837,train
6838,train
6839,train
6840,train
6841,train
6842,train
6843,train
6844,train
6845,val
6846,train
6847,train
6848,train
6849,train
6850,test
6851,train
6852,train
6853,train
6854,train
6855,val
6856,train
6857,train
6858,train
6859,train
6860,train
6861,train
6862,train
6863,test
6864,train
6865,train
6866,train
6867,train
6868,test
6869,train
6870,train
6871,val
6872,train
6873,train
6874,train
6875,train
6876,train
6877,test
6878,train
6879,train
6880,train
6881,train
6882,val
6883,train
6884,val
6885,train
6886,train
6887,train
6888,train
6889,train
6890,train
6891,train
6892,test
6893,train
6894,train
6895,train
6896,train
6897,train
6898,val
6899,train
6900,test
6901,train
6902,train
6903,test
6904,test
6905,train
6906,train
6907,test
6908,train
6909,train
6910,train
6911,train
6912,train
6913,train
6914,train
6915,train
6916,train
6917,train
6918,train
6919,train
6920,train
6921,test
6922,train
6923,train
6924,train
6925,train
6926,train
6927,train
6928,train
6929,train
6930,train
6931,train
6932,train
6933,train
6934,train
6935,train
6936,test
6937,train
6938,train
6939,test
6940,train
6941,train
6942,train
6943,train
6944,train
6945,train
6946,train
6947,train
6948,train
6949,test
6950,test
6951,train
6952,train
6953,train
6954,train
6955,train
6956,train
6957,train
6958,test
6959,train
6960,train
6961,val
6962,train
6963,train
6964,train
6965,train
6966,train
6967,train
6968,train
6969,train
6970,train
6971,train
6972,train
6973,train
6974,val
6975,train
6976,val
6977,train
6978,train
6979,test
6980,train
6981,train
6982,train
6983,train
6984,train
6985,train
6986,train
6987,train
6988,train
6989,val
6990,train
6991,test
6992,test
6993,train
6994,train
6995,test
6996,train
6997,train
6998,train
6999,train
7000,train
7001,train
7002,train
7003,train
7004,val
7005,train
7006,train
7007,val
7008,train
7009,train
7010,train
7011,val
7012,train
7013,train
7014,train
7015,train
7016,train
7017,train
7018,train
7019,train
7020,test
7021,train
7022,test
7023,train
7024,train
7025,train
7026,train
7027,val
7028,train
7029,train
7030,test
7031,train
7032,train
7033,train
7034,val
7035,test
7036,train
7037,test
7038,train
7039,train
7040,train
7041,train
7042,train
7043,train
7044,train
7045,val
7046,train
7047,train
7048,train
7049,train
7050,train
7051,test
7052,train
7053,train
7054,train
7055,val
7056,train
7057,train
7058,train
7059,train
7060,train
7061,train
7062,train
7063,train
7064,train
7065,train
7066,train
7067,train
7068,test
7069,train
7070,train
7071,train
7072,train
7073,train
7074,test
7075,test
7076,train
7077,train
7078,train
7079,train
7080,train
7081,train
7082,train
7083,train
7084,train
7085,train
7086,test
7087,train
7088,train
7089,train
7090,train
7091,train
7092,val
7093,train
7094,train
7095,train
7096,test
7097,train
7098,train
7099,train
7100,train
7101,train
7102,train
7103,train
7104,val
7105,val
7106,train
7107,train
7108,train
7109,train
7110,train
7111,test
7112,val
7113,train
7114,val
7115,train
7116,val
7117,train
7118,train
7119,train
7120,train
7121,test
7122,train
7123,train
7124,val
7125,train
7126,val
7127,train
7128,train
7129,test
7130,train
7131,train
7132,train
7133,train
7134,train
7135,train
7136,train
7137,train
7138,train
7139,train
7140,train
7141,train
7142,train
7143,train
7144,train
7145,train
7146,train
7147,train
7148,train
7149,train
7150,train
7151,val
7152,train
7153,test
7154,train
7155,train
7156,test
7157,train
7158,train
7159,train
7160,val
7161,train
7162,val
7163,train
7164,train
7165,test
7166,val
7167,train
7168,train
7169,train
7170,val
7171,train
7172,train
7173,test
7174,train
7175,train
7176,train
7177,train
7178,train
7179,train
7180,val
7181,train
7182,train
7183,train
7184,train
7185,train
7186,train
7187,train
7188,train
7189,train
7190,train
7191,train
7192,train
7193,train
7194,val
7195,train
7196,train
7197,train
7198,train
7199,train
7200,test
7201,train
7202,train
7203,val
7204,train
7205,train
7206,train
7207,train
7208,train
7209,train
7210,train
7211,train
7212,train
7213,train
7214,train
7215,train
7216,train
7217,train
7218,train
7219,train
7220,test
7221,train
7222,train
7223,train
7224,train
7225,train
7226,train
7227,train
7228,train
7229,train
7230,train
7231,train
7232,train
7233,train
7234,val
7235,train
7236,train
7237,train
7238,train
7239,test
7240,train
7241,train
7242,train
7243,train
7244,train
7245,train
7246,train
7247,train
7248,train
7249,val
7250,train
7251,test
7252,test
7253,train
7254,train
7255,train
7256,train
7257,val
7258,train
7259,train
7260,test
7261,train
7262,train
7263,train
7264,train
7265,val
7266,val
7267,train
7268,train
7269,train
7270,train
7271,train
7272,train
7273,train
7274,train
7275,train
7276,train
7277,train
7278,train
7279,train
7280,train
7281,train
7282,train
7283,train
7284,train
7285,train
7286,train
7287,train
7288,val
7289,train
7290,train
7291,train
7292,train
7293,val
7294,train
7295,train
7296,train
7297,train
7298,train
7299,train
7300,val
7301,train
7302,train
7303,train
7304,train
7305,train
7306,train
7307,train
7308,train
7309,train
7310,train
7311,train
7312,train
7313,train
7314,train
7315,train
7316,test
7317,train
7318,train
7319,train
7320,val
7321,train
7322,val
7323,train
7324,train
7325,train
7326,test
7327,train
7328,test
7329,val
7330,train
7331,train
7332,train
7333,train
7334,val
7335,train
7336,train
7337,train
7338,train
7339,train
7340,train
7341,train
7342,train
7343,train
7344,train
7345,train
7346,val
7347,train
7348,train
7349,train
7350,train
7351,test
7352,train
7353,train
7354,train
7355,test
7356,train
7357,train
7358,train
7359,train
7360,train
7361,val
7362,val
7363,train
7364,val
7365,train
7366,val
7367,train
7368,train
7369,val
7370,train
7371,train
7372,val
7373,test
7374,train
7375,train
7376,train
7377,train
7378,train
7379,train
7380,train
7381,train
7382,test
7383,val
7384,train
7385,train
7386,test
7387,test
7388,train
7389,train
7390,train
7391,train
7392,val
7393,train
7394,train
7395,train
7396,train
7397,val
7398,train
7399,train
7400,train
7401,train
7402,test
7403,val
7404,train
7405,train
7406,train
7407,train
7408,train
7409,train
7410,train
7411,train
7412,train
7413,train
7414,train
7415,train
7416,train
7417,train
7418,val
7419,train
7420,train
7421,val
7422,train
7423,train
7424,train
7425,train
7426,val
7427,val
7428,train
7429,train
7430,train
7431,test
7432,train
7433,train
7434,train
7435,train
7436,train
7437,train
7438,train
7439,val
7440,test
7441,train
7442,train
7443,val
7444,train
7445,test
7446,val
7447,train
7448,test
7449,train
7450,train
7451,train
7452,train
7453,train
7454,train
7455,train
7456,train
7457,train
7458,train
7459,train
7460,test
7461,val
7462,train
7463,train
7464,train
7465,train
7466,val
7467,train
7468,test
7469,train
7470,train
7471,train
7472,train
7473,train
7474,train
7475,train
7476,train
7477,train
7478,test
7479,test
7480,train
7481,train
7482,val
7483,train
7484,train
7485,train
7486,train
7487,train
7488,train
7489,train
7490,train
7491,val
7492,val
7493,train
7494,test
7495,train
7496,train
7497,train
7498,train
7499,val
7500,train
7501,test
7502,test
7503,train
7504,train
7505,train
7506,train
7507,train
7508,train
7509,train
7510,val
7511,val
7512,train
7513,train
7514,train
7515,train
7516,train
7517,test
7518,train
7519,train
7520,train
7521,train
7522,train
7523,train
7524,train
7525,train
7526,train
7527,train
7528,train
7529,test
7530,train
7531,train
7532,train
7533,train
7534,train
7535,train
7536,train
7537,train
